{
   "dashboards": [{
      "autoswitchEnabled": false,
      "columnCount": 1,
      "columnProportion": "1",
      "creationTime": 1540115456550,
      "dashboardNavigations": {"6a308be0-4436-4b58-9a7d-f35f8a9b30d7": [{
         "id": "a165a8b4-8205-4fc2-84b1-7d34d431f6b8",
         "selected": true,
         "widgets": []
      }]},
      "description": "",
      "disabled": false,
      "gridsterMaxColumns": 12,
      "hidden": false,
      "homeTab": false,
      "id": "b4992170-d7f9-4af2-8354-1c263f3e9c74",
      "importAttempts": 0,
      "importComplete": true,
      "isDefault": false,
      "locked": false,
      "name": "Virtual Container Host(s)",
      "rank": 96,
      "shared": false,
      "temporary": false,
      "userId": "29a44dc8-e088-4fe0-974a-e35a420b8d2f",
      "widgetInteractions": [
         {
            "type": "resourceId",
            "widgetIdProvider": "6a308be0-4436-4b58-9a7d-f35f8a9b30d7",
            "widgetIdReceiver": "5a8257b0-22a4-45c0-87fe-0820bf763123"
         },
         {
            "type": "resourceId",
            "widgetIdProvider": "6a308be0-4436-4b58-9a7d-f35f8a9b30d7",
            "widgetIdReceiver": "61f6d6b9-d774-42b9-ac5d-3659a525231e"
         },
         {
            "type": "resourceId",
            "widgetIdProvider": "6a308be0-4436-4b58-9a7d-f35f8a9b30d7",
            "widgetIdReceiver": "9f629f75-f669-4866-82ed-5fd792f200f7"
         },
         {
            "type": "resourceId",
            "widgetIdProvider": "6a308be0-4436-4b58-9a7d-f35f8a9b30d7",
            "widgetIdReceiver": "df1bf6ce-c40c-4b70-bfe3-793b67b40794"
         },
         {
            "type": "resourceId",
            "widgetIdProvider": "6a308be0-4436-4b58-9a7d-f35f8a9b30d7",
            "widgetIdReceiver": "283720f9-6084-40aa-8095-11423ce9735d"
         },
         {
            "type": "resourceId",
            "widgetIdProvider": "283720f9-6084-40aa-8095-11423ce9735d",
            "widgetIdReceiver": "44c8bcdf-fd88-4c9a-9b4e-c0d923d6ce65"
         },
         {
            "type": "resourceId",
            "widgetIdProvider": "6a308be0-4436-4b58-9a7d-f35f8a9b30d7",
            "widgetIdReceiver": "62cc1154-8bdb-4acb-a9f1-a1a61de50085"
         },
         {
            "type": "resourceId",
            "widgetIdProvider": "283720f9-6084-40aa-8095-11423ce9735d",
            "widgetIdReceiver": "78a5b556-5964-45dc-946a-90804b9b1daf"
         },
         {
            "type": "resourceId",
            "widgetIdProvider": "6a308be0-4436-4b58-9a7d-f35f8a9b30d7",
            "widgetIdReceiver": "5978a01e-6936-4c51-8b14-d2b9b144f6d5"
         }
      ],
      "widgets": [
         {
            "collapsed": false,
            "config": {
               "additionalColumns": [],
               "mode": 1,
               "refreshContent": {"refreshContent": true},
               "refreshInterval": 60,
               "selectFirstRow": {"selectFirstRow": true},
               "tagFilter": {
                  "path": ["/source/kind_resourceKind:id:0_::_/tag:resource:id:0_::_"],
                  "value": {
                     "adapterInstance": [],
                     "adapterKind": [],
                     "bus": [],
                     "collector": [],
                     "day": [],
                     "exclaim": false,
                     "healthRange": [],
                     "kind": [],
                     "maintenanceSchedule": [],
                     "state": [],
                     "status": [],
                     "tag": [["resource:id:0_::_"]],
                     "tier": []
                  }
               },
               "title": "Select Virtual Container Host(s)"
            },
            "gridsterCoords": {
               "h": 5,
               "w": 2,
               "x": 1,
               "y": 6
            },
            "height": 267,
            "id": "6a308be0-4436-4b58-9a7d-f35f8a9b30d7",
            "states": [{
               "key": "permResGrid_widget_b4992170-d7f9-4af2-8354-1c263f3e9c74_6a308be0-4436-4b58-9a7d-f35f8a9b30d7",
               "value": "o%3Acolumns%3Da%253Ao%25253Aid%25253Ds%2525253Ah1%25255Ehidden%25253Db%2525253A1%25255Ewidth%25253Dn%2525253A100%255Eo%25253Aid%25253Ds%2525253Ah2%255Eo%25253Aid%25253Ds%2525253Ah3%25255Ehidden%25253Db%2525253A1%25255Ewidth%25253Dn%2525253A100%255Eo%25253Aid%25253Ds%2525253Ah4%25255Ehidden%25253Db%2525253A1%255Eo%25253Aid%25253Ds%2525253Ah5%25255Ehidden%25253Db%2525253A1%255Eo%25253Aid%25253Ds%2525253Ah6%25255Ehidden%25253Db%2525253A1%255Eo%25253Aid%25253Ds%2525253Ah7%25255Ehidden%25253Db%2525253A1%25255Ewidth%25253Dn%2525253A100%255Eo%25253Aid%25253Ds%2525253Ah8%25255Ehidden%25253Db%2525253A1%25255Ewidth%25253Dn%2525253A100%255Eo%25253Aid%25253Ds%2525253Ah9%25255Ehidden%25253Db%2525253A1%25255Ewidth%25253Dn%2525253A100%255Eo%25253Aid%25253Ds%2525253Ah10%25255Ehidden%25253Db%2525253A1%25255Ewidth%25253Dn%2525253A100%255Eo%25253Aid%25253Ds%2525253Ah11%25255Ehidden%25253Db%2525253A1%25255Ewidth%25253Dn%2525253A100%255Eo%25253Aid%25253Ds%2525253Ah12%25255Ehidden%25253Db%2525253A1%25255Ewidth%25253Dn%2525253A100%255Eo%25253Aid%25253Ds%2525253Ah13%25255Ehidden%25253Db%2525253A1%25255Ewidth%25253Dn%2525253A100%255Eo%25253Aid%25253Ds%2525253Ah14%255Eo%25253Aid%25253Ds%2525253Ah15%25255Ehidden%25253Db%2525253A0%255Eo%25253Aid%25253Ds%2525253Ah16%25255Ehidden%25253Db%2525253A1%25255Ewidth%25253Dn%2525253A100%255Eo%25253Aid%25253Ds%2525253Ah17%25255Ehidden%25253Db%2525253A1%25255Ewidth%25253Dn%2525253A100%255Eo%25253Aid%25253Ds%2525253Ah18%25255Ehidden%25253Db%2525253A1%25255Ewidth%25253Dn%2525253A100%255Eo%25253Aid%25253Ds%2525253Ah19%25255Ehidden%25253Db%2525253A1%25255Ewidth%25253Dn%2525253A100%255Eo%25253Aid%25253Ds%2525253Ah20%25255Ehidden%25253Db%2525253A1%25255Ewidth%25253Dn%2525253A100%255Eo%25253Aid%25253Ds%2525253Ah21%25255Ehidden%25253Db%2525253A1%25255Ewidth%25253Dn%2525253A100%255Eo%25253Aid%25253Ds%2525253Ah22%25255Ehidden%25253Db%2525253A1%25255Ewidth%25253Dn%2525253A100%255Eo%25253Aid%25253Ds%2525253Ah23%25255Ehidden%25253Db%2525253A1%25255Ewidth%25253Dn%2525253A100%255Eo%25253Aid%25253Ds%2525253Ah24%25255Ehidden%25253Db%2525253A1%25255Ewidth%25253Dn%2525253A100%255Eo%25253Aid%25253Ds%2525253Ah25%25255Ehidden%25253Db%2525253A1%25255Ewidth%25253Dn%2525253A100%255Eo%25253Aid%25253Ds%2525253Ah26%25255Ehidden%25253Db%2525253A1%25255Ewidth%25253Dn%2525253A100%255Eo%25253Aid%25253Ds%2525253Ah27%25255Ehidden%25253Db%2525253A1%25255Ewidth%25253Dn%2525253A100%255Eo%25253Aid%25253Ds%2525253Ah28%25255Ehidden%25253Db%2525253A1%25255Ewidth%25253Dn%2525253A100%255Eo%25253Aid%25253Ds%2525253Ah29%25255Ehidden%25253Db%2525253A1%25255Ewidth%25253Dn%2525253A100%255Eo%25253Aid%25253Ds%2525253Ah30%25255Ehidden%25253Db%2525253A1%25255Ewidth%25253Dn%2525253A100%255Eo%25253Aid%25253Ds%2525253Ah31%25255Ehidden%25253Db%2525253A1%25255Ewidth%25253Dn%2525253A100%255Eo%25253Aid%25253Ds%2525253Ah32%25255Ehidden%25253Db%2525253A1%25255Ewidth%25253Dn%2525253A100%255Eo%25253Aid%25253Ds%2525253Ah33%25255Ehidden%25253Db%2525253A1%25255Ewidth%25253Dn%2525253A100%255Eo%25253Aid%25253Ds%2525253Ah34%25255Ehidden%25253Db%2525253A1%25255Ewidth%25253Dn%2525253A100%255Eo%25253Aid%25253Ds%2525253Ah35%25255Ehidden%25253Db%2525253A1%25255Ewidth%25253Dn%2525253A100%255Eo%25253Aid%25253Ds%2525253Ah36%25255Ehidden%25253Db%2525253A1%25255Ewidth%25253Dn%2525253A100%255Eo%25253Aid%25253Ds%2525253Ah37%25255Ehidden%25253Db%2525253A1%25255Ewidth%25253Dn%2525253A100%255Eo%25253Aid%25253Ds%2525253Ah38%25255Ehidden%25253Db%2525253A1%25255Ewidth%25253Dn%2525253A100%255Eo%25253Aid%25253Ds%2525253Ah39%25255Ehidden%25253Db%2525253A1%25255Ewidth%25253Dn%2525253A100%255Eo%25253Aid%25253Ds%2525253Ah40%25255Ehidden%25253Db%2525253A1%25255Ewidth%25253Dn%2525253A100%255Eo%25253Aid%25253Ds%2525253Ah41%25255Ehidden%25253Db%2525253A1%25255Ewidth%25253Dn%2525253A100%255Eo%25253Aid%25253Ds%2525253Ah42%25255Ehidden%25253Db%2525253A1%25255Ewidth%25253Dn%2525253A100%255Eo%25253Aid%25253Ds%2525253Ah43%25255Ehidden%25253Db%2525253A1%25255Ewidth%25253Dn%2525253A100%255Eo%25253Aid%25253Ds%2525253Ah44%25255Ehidden%25253Db%2525253A1%25255Ewidth%25253Dn%2525253A100%255Eo%25253Aid%25253Ds%2525253Ah45%25255Ehidden%25253Db%2525253A1%25255Ewidth%25253Dn%2525253A100%255Eo%25253Aid%25253Ds%2525253Ah46%25255Ehidden%25253Db%2525253A1%25255Ewidth%25253Dn%2525253A100"
            }],
            "title": "Select Virtual Container Host(s)",
            "type": "ResourceList"
         },
         {
            "collapsed": false,
            "config": {
               "refreshContent": {"refreshContent": true},
               "refreshInterval": 60,
               "selfProvider": {"selfProvider": false},
               "title": "Mem Capacity Remaining VCH"
            },
            "gridsterCoords": {
               "h": 5,
               "w": 3,
               "x": 3,
               "y": 6
            },
            "height": 267,
            "id": "5a8257b0-22a4-45c0-87fe-0820bf763123",
            "title": "Mem Capacity Remaining VCH",
            "type": "IntSummaryCapacity"
         },
         {
            "collapsed": false,
            "config": {
               "chartViewItems": [],
               "refreshContent": {"refreshContent": true},
               "refreshInterval": 60,
               "resource": null,
               "selectFirstRow": {"selectFirstRow": false},
               "selfProvider": {"selfProvider": false},
               "title": "VCH VM (Docker Endpoint) Properties",
               "traversalSpecId": "",
               "viewDefinitionId": "4852b201-d546-410e-a631-b6c4121764df"
            },
            "gridsterCoords": {
               "h": 11,
               "w": 2,
               "x": 11,
               "y": 6
            },
            "height": 608,
            "id": "df1bf6ce-c40c-4b70-bfe3-793b67b40794",
            "title": "VCH VM (Docker Endpoint) Properties",
            "type": "View"
         },
         {
            "collapsed": false,
            "config": {
               "refreshContent": {"refreshContent": true},
               "refreshInterval": 60,
               "resourceName": "",
               "selfProvider": {"selfProvider": false},
               "tagFilter": null,
               "title": "Relationship Overview"
            },
            "gridsterCoords": {
               "h": 11,
               "w": 5,
               "x": 6,
               "y": 6
            },
            "height": 608,
            "id": "61f6d6b9-d774-42b9-ac5d-3659a525231e",
            "states": [{
               "key": "permResourceRelationship_widget_b4992170-d7f9-4af2-8354-1c263f3e9c74_61f6d6b9-d774-42b9-ac5d-3659a525231e",
               "value": "o%3A"
            }],
            "title": "Relationship Overview",
            "type": "ResourceRelationshipAdvanced"
         },
         {
            "collapsed": false,
            "config": {
               "boxColumns": 5,
               "boxHeight": null,
               "labelSize": 12,
               "maxCellCount": 100,
               "metric": {
                  "mode": "resourceKind",
                  "resourceKindMetrics": [],
                  "resourceMetrics": []
               },
               "mode": {"layoutMode": "fixedView"},
               "periodLength": "last7Days",
               "refreshContent": {"refreshContent": true},
               "refreshInterval": 60,
               "relationshipMode": 0,
               "resInteractionMode": "vch_resource_utilization",
               "roundDecimals": 2,
               "selfProvider": {"selfProvider": false},
               "showDT": {"showDT": true},
               "showMetricName": {"showMetricName": true},
               "showMetricUnit": {"showMetricUnit": true},
               "showResourceName": {"showResourceName": false},
               "showSparkline": {"showSparkline": true},
               "title": "Virtual Container Host Overview (Resource Pool)",
               "valueSize": 24,
               "visualTheme": 5
            },
            "gridsterCoords": {
               "h": 5,
               "w": 12,
               "x": 1,
               "y": 1
            },
            "height": 267,
            "id": "9f629f75-f669-4866-82ed-5fd792f200f7",
            "title": "Virtual Container Host Overview (Resource Pool)",
            "type": "Scoreboard"
         },
         {
            "collapsed": false,
            "config": {
               "columnSequence": {"columnSequence": "labelFirst"},
               "metric": {
                  "mode": "resource",
                  "resourceKindMetrics": [],
                  "resourceMetrics": []
               },
               "refreshContent": {"refreshContent": true},
               "refreshInterval": 60,
               "resInteractionMode": "container_vm_performance",
               "selfProvider": {"selfProvider": false},
               "showDT": {"showDT": true},
               "showResourceName": {"showObjectName": false},
               "title": "Container VM Performance"
            },
            "gridsterCoords": {
               "h": 11,
               "w": 3,
               "x": 3,
               "y": 17
            },
            "height": 608,
            "id": "44c8bcdf-fd88-4c9a-9b4e-c0d923d6ce65",
            "states": [{
               "key": "permDateRange_widget_b4992170-d7f9-4af2-8354-1c263f3e9c74_44c8bcdf-fd88-4c9a-9b4e-c0d923d6ce65",
               "value": "s%3A%7B%22dateRange%22%3A%22last6Hour%22%2C%22dateFrom%22%3Anull%2C%22dateTo%22%3Anull%2C%22timeFrom%22%3Anull%2C%22timeTo%22%3Anull%7D"
            }],
            "title": "Container VM Performance",
            "type": "SparklineChart"
         },
         {
            "collapsed": false,
            "config": {
               "additionalColumns": [],
               "mode": -1,
               "refreshContent": {"refreshContent": true},
               "refreshInterval": 60,
               "selectFirstRow": {"selectFirstRow": true},
               "tagFilter": {
                  "path": ["/source/kind/kind:resourceKind:id:1_::_"],
                  "value": {
                     "adapterInstance": [],
                     "adapterKind": [],
                     "bus": [],
                     "collector": [],
                     "day": [],
                     "exclaim": false,
                     "healthRange": [],
                     "kind": ["resourceKind:id:1_::_"],
                     "maintenanceSchedule": [],
                     "state": [],
                     "status": [],
                     "tag": [],
                     "tier": []
                  }
               },
               "title": "Select Container VM(s)"
            },
            "gridsterCoords": {
               "h": 11,
               "w": 2,
               "x": 1,
               "y": 17
            },
            "height": 609,
            "id": "283720f9-6084-40aa-8095-11423ce9735d",
            "states": [
               {
                  "key": "perm_toolbarVisible_widget_b4992170-d7f9-4af2-8354-1c263f3e9c74_283720f9-6084-40aa-8095-11423ce9735d",
                  "value": "b%3A1"
               },
               {
                  "key": "permResGrid_widget_b4992170-d7f9-4af2-8354-1c263f3e9c74_283720f9-6084-40aa-8095-11423ce9735d",
                  "value": "o%3Acolumns%3Da%253Ao%25253Aid%25253Ds%2525253Ah1%25255Ehidden%25253Db%2525253A1%25255Ewidth%25253Dn%2525253A100%255Eo%25253Aid%25253Ds%2525253Ah2%25255Ewidth%25253Dn%2525253A269%255Eo%25253Aid%25253Ds%2525253Ah3%25255Ehidden%25253Db%2525253A1%25255Ewidth%25253Dn%2525253A100%255Eo%25253Aid%25253Ds%2525253Ah4%255Eo%25253Aid%25253Ds%2525253Ah5%255Eo%25253Aid%25253Ds%2525253Ah6%255Eo%25253Aid%25253Ds%2525253Ah7%25255Ehidden%25253Db%2525253A1%25255Ewidth%25253Dn%2525253A100%255Eo%25253Aid%25253Ds%2525253Ah8%25255Ehidden%25253Db%2525253A1%25255Ewidth%25253Dn%2525253A100%255Eo%25253Aid%25253Ds%2525253Ah9%25255Ehidden%25253Db%2525253A1%25255Ewidth%25253Dn%2525253A100%255Eo%25253Aid%25253Ds%2525253Ah10%25255Ehidden%25253Db%2525253A1%25255Ewidth%25253Dn%2525253A100%255Eo%25253Aid%25253Ds%2525253Ah11%25255Ehidden%25253Db%2525253A1%25255Ewidth%25253Dn%2525253A100%255Eo%25253Aid%25253Ds%2525253Ah12%25255Ehidden%25253Db%2525253A1%25255Ewidth%25253Dn%2525253A100%255Eo%25253Aid%25253Ds%2525253Ah13%25255Ehidden%25253Db%2525253A1%25255Ewidth%25253Dn%2525253A100%255Eo%25253Aid%25253Ds%2525253Ah14%255Eo%25253Aid%25253Ds%2525253Ah15%25255Ehidden%25253Db%2525253A0%255Eo%25253Aid%25253Ds%2525253Ah16%25255Ehidden%25253Db%2525253A1%25255Ewidth%25253Dn%2525253A100%255Eo%25253Aid%25253Ds%2525253Ah17%25255Ehidden%25253Db%2525253A1%25255Ewidth%25253Dn%2525253A100%255Eo%25253Aid%25253Ds%2525253Ah18%25255Ehidden%25253Db%2525253A1%25255Ewidth%25253Dn%2525253A100%255Eo%25253Aid%25253Ds%2525253Ah19%25255Ehidden%25253Db%2525253A1%25255Ewidth%25253Dn%2525253A100%255Eo%25253Aid%25253Ds%2525253Ah20%25255Ehidden%25253Db%2525253A1%25255Ewidth%25253Dn%2525253A100%255Eo%25253Aid%25253Ds%2525253Ah21%25255Ehidden%25253Db%2525253A1%25255Ewidth%25253Dn%2525253A100%255Eo%25253Aid%25253Ds%2525253Ah22%25255Ehidden%25253Db%2525253A1%25255Ewidth%25253Dn%2525253A100%255Eo%25253Aid%25253Ds%2525253Ah23%25255Ehidden%25253Db%2525253A1%25255Ewidth%25253Dn%2525253A100%255Eo%25253Aid%25253Ds%2525253Ah24%25255Ehidden%25253Db%2525253A1%25255Ewidth%25253Dn%2525253A100%255Eo%25253Aid%25253Ds%2525253Ah25%25255Ehidden%25253Db%2525253A1%25255Ewidth%25253Dn%2525253A100%255Eo%25253Aid%25253Ds%2525253Ah26%25255Ehidden%25253Db%2525253A1%25255Ewidth%25253Dn%2525253A100%255Eo%25253Aid%25253Ds%2525253Ah27%25255Ehidden%25253Db%2525253A1%25255Ewidth%25253Dn%2525253A100%255Eo%25253Aid%25253Ds%2525253Ah28%25255Ehidden%25253Db%2525253A1%25255Ewidth%25253Dn%2525253A100%255Eo%25253Aid%25253Ds%2525253Ah29%25255Ehidden%25253Db%2525253A1%25255Ewidth%25253Dn%2525253A100%255Eo%25253Aid%25253Ds%2525253Ah30%25255Ehidden%25253Db%2525253A1%25255Ewidth%25253Dn%2525253A100%255Eo%25253Aid%25253Ds%2525253Ah31%25255Ehidden%25253Db%2525253A1%25255Ewidth%25253Dn%2525253A100%255Eo%25253Aid%25253Ds%2525253Ah32%25255Ehidden%25253Db%2525253A1%25255Ewidth%25253Dn%2525253A100%255Eo%25253Aid%25253Ds%2525253Ah33%25255Ehidden%25253Db%2525253A1%25255Ewidth%25253Dn%2525253A100%255Eo%25253Aid%25253Ds%2525253Ah34%25255Ehidden%25253Db%2525253A1%25255Ewidth%25253Dn%2525253A100%255Eo%25253Aid%25253Ds%2525253Ah35%25255Ehidden%25253Db%2525253A1%25255Ewidth%25253Dn%2525253A100%255Eo%25253Aid%25253Ds%2525253Ah36%25255Ehidden%25253Db%2525253A1%25255Ewidth%25253Dn%2525253A100%255Eo%25253Aid%25253Ds%2525253Ah37%25255Ehidden%25253Db%2525253A1%25255Ewidth%25253Dn%2525253A100%255Eo%25253Aid%25253Ds%2525253Ah38%25255Ehidden%25253Db%2525253A1%25255Ewidth%25253Dn%2525253A100%255Eo%25253Aid%25253Ds%2525253Ah39%25255Ehidden%25253Db%2525253A1%25255Ewidth%25253Dn%2525253A100%255Eo%25253Aid%25253Ds%2525253Ah40%25255Ehidden%25253Db%2525253A1%25255Ewidth%25253Dn%2525253A100%255Eo%25253Aid%25253Ds%2525253Ah41%25255Ehidden%25253Db%2525253A1%25255Ewidth%25253Dn%2525253A100%255Eo%25253Aid%25253Ds%2525253Ah42%25255Ehidden%25253Db%2525253A1%25255Ewidth%25253Dn%2525253A100%255Eo%25253Aid%25253Ds%2525253Ah43%25255Ehidden%25253Db%2525253A1%25255Ewidth%25253Dn%2525253A100%255Eo%25253Aid%25253Ds%2525253Ah44%25255Ehidden%25253Db%2525253A1%25255Ewidth%25253Dn%2525253A100%255Eo%25253Aid%25253Ds%2525253Ah45%25255Ehidden%25253Db%2525253A1%25255Ewidth%25253Dn%2525253A100%255Eo%25253Aid%25253Ds%2525253Ah46%25255Ehidden%25253Db%2525253A1%25255Ewidth%25253Dn%2525253A100"
               }
            ],
            "title": "Select Container VM(s)",
            "type": "ResourceList"
         },
         {
            "collapsed": false,
            "config": {
               "refreshContent": {"refreshContent": true},
               "refreshInterval": 60,
               "selfProvider": {"selfProvider": false},
               "title": "Virtual Container Host Workload Pattern"
            },
            "gridsterCoords": {
               "h": 6,
               "w": 5,
               "x": 1,
               "y": 11
            },
            "height": 324,
            "id": "62cc1154-8bdb-4acb-a9f1-a1a61de50085",
            "title": "Virtual Container Host Workload Pattern",
            "type": "IntSummaryStress"
         },
         {
            "collapsed": false,
            "config": {
               "chartViewItems": [],
               "refreshContent": {"refreshContent": false},
               "refreshInterval": 60,
               "resource": null,
               "selectFirstRow": {"selectFirstRow": false},
               "selfProvider": {"selfProvider": false},
               "title": "Container VM Properties",
               "traversalSpecId": "",
               "viewDefinitionId": "faa5af20-e75f-4dc5-8235-a59471135d28"
            },
            "gridsterCoords": {
               "h": 11,
               "w": 2,
               "x": 11,
               "y": 17
            },
            "height": 608,
            "id": "78a5b556-5964-45dc-946a-90804b9b1daf",
            "title": "Container VM Properties",
            "type": "View"
         },
         {
            "collapsed": false,
            "config": {
               "additionalColumns": [],
               "additionalColumns_resource": [],
               "barsCount": 15,
               "depth": 5,
               "filterMode": "tagFilter",
               "filterOldMetrics": {"filterOldMetrics": false},
               "metricOption": {
                  "metricInfo": {
                     "path": ["/source/GROUP_mem/mem|consumed_average"],
                     "value": "mem|consumed_average"
                  },
                  "resourceKindId": ["resourceKind:id:1_::_"],
                  "tagFilter": {
                     "path": ["/source/kind_resourceKind:id:0_::_/tag:resource:id:0_::_"],
                     "value": {
                        "adapterInstance": [],
                        "adapterKind": [],
                        "bus": [],
                        "collector": [],
                        "day": [],
                        "exclaim": false,
                        "healthRange": [],
                        "kind": [],
                        "maintenanceSchedule": [],
                        "state": [],
                        "status": [],
                        "tag": [["resource:id:0_::_"]],
                        "tier": []
                     }
                  },
                  "value": {"metricOption": "metricsHighestUtilization"}
               },
               "mode": "metric",
               "refreshContent": {"refreshContent": true},
               "refreshInterval": 300,
               "regenerationTime": 15,
               "resource": {
                  "resourceId": "resource:id:0_::_",
                  "resourceName": "Virtual Container Hosts"
               },
               "roundDecimals": 1,
               "selfProvider": {"selfProvider": false},
               "tagOption": {
                  "tagFilter": null,
                  "value": {"tagOption": "leastHealthyApplications"}
               },
               "title": "Top-10 cVM Consumed Mem KB"
            },
            "gridsterCoords": {
               "h": 11,
               "w": 5,
               "x": 6,
               "y": 17
            },
            "height": 608,
            "id": "5978a01e-6936-4c51-8b14-d2b9b144f6d5",
            "title": "Top-10 cVM Consumed Mem KB",
            "type": "ParetoAnalysis"
         }
      ]
   }],
   "entries": {
      "resource": [{
         "adapterKindKey": "Container",
         "identifiers": [],
         "internalId": "resource:id:0_::_",
         "name": "Virtual Container Hosts",
         "resourceKindKey": "vSphere Integrated Containers"
      }],
      "resourceKind": [
         {
            "adapterKindKey": "Container",
            "internalId": "resourceKind:id:0_::_",
            "resourceKindKey": "vSphere Integrated Containers"
         },
         {
            "adapterKindKey": "VMWARE",
            "internalId": "resourceKind:id:1_::_",
            "resourceKindKey": "VirtualMachine"
         }
      ]
   },
   "uuid": "ff8aff4b-b100-4738-97bf-705c1d2b91f8"
}